{
  "mean": [
    246.7375,
    14.562159140543503,
    499.9784090909091,
    7.51050001789223,
    0.543659088650549,
    0.6179886328310452,
    7.545079510591247,
    0.4692727259868248,
    4.140522759492424,
    0.9524431805211034,
    8.666500042023307,
    0.590159089710902
  ],
  "scale": [
    77.34487673651283,
    21.95526991059649,
    124.15223696302678,
    0.46464794862583203,
    0.14151621202223835,
    0.8425070408140051,
    4.421669196625788,
    1.8931575159268812,
    3.1082433483267975,
    0.4656350117590435,
    4.2963847344040165,
    0.5704760553278939
  ],
  "features": [
    "N",
    "P",
    "K",
    "pH",
    "EC",
    "OC",
    "S",
    "Zn",
    "Fe",
    "Cu",
    "Mn",
    "B"
  ]
}